title;Min√©rio de Ferro
subtit;62% Fe CFR Futuros
dfont;Investing
vtype;rvalue
decimal;1
blk_y;600
blk_dx;80
blk_dx_inb;74
blk_h;400
blk_dx;70
type;line
;
;
;
date_type;dd_mm_yyyy
;
data;begin
x;y
25/10/2010;145
26/10/2010;145.1
27/10/2010;144.5
28/10/2010;144
29/10/2010;147.5
01/11/2010;146
02/11/2010;152
03/11/2010;153.5
04/11/2010;156.5
05/11/2010;158.3
08/11/2010;161.5
09/11/2010;162
10/11/2010;157.5
11/11/2010;159
12/11/2010;155.8
15/11/2010;156
16/11/2010;160.3
17/11/2010;158.5
18/11/2010;158
19/11/2010;159.5
22/11/2010;160
23/11/2010;161
24/11/2010;161.5
26/11/2010;161
29/11/2010;160.5
30/11/2010;160.5
01/12/2010;166.8
02/12/2010;167
03/12/2010;168
06/12/2010;169
07/12/2010;169.9
08/12/2010;169.1
09/12/2010;168
10/12/2010;169
13/12/2010;169
14/12/2010;169.5
15/12/2010;169.5
16/12/2010;169
17/12/2010;169
20/12/2010;169
21/12/2010;169
22/12/2010;168.8
23/12/2010;168.8
27/12/2010;168.8
28/12/2010;168.8
29/12/2010;169
30/12/2010;169
31/12/2010;168.3
03/01/2011;170
04/01/2011;172.1
05/01/2011;174.5
06/01/2011;173.5
07/01/2011;173.5
10/01/2011;173.5
11/01/2011;175
12/01/2011;176
13/01/2011;176
14/01/2011;179.5
19/01/2011;179
20/01/2011;178
21/01/2011;178
24/01/2011;179
25/01/2011;179
26/01/2011;179
27/01/2011;179.5
28/01/2011;179.5
31/01/2011;179.6
01/02/2011;183
02/02/2011;184
03/02/2011;183.5
04/02/2011;183.5
07/02/2011;184.8
08/02/2011;185.5
09/02/2011;185.5
10/02/2011;188
11/02/2011;188
14/02/2011;188.5
15/02/2011;188.9
16/02/2011;187.8
17/02/2011;187.5
18/02/2011;187.5
22/02/2011;187.7
23/02/2011;187.6
24/02/2011;187.5
25/02/2011;187.5
28/02/2011;187.2
01/03/2011;173.4
02/03/2011;172
03/03/2011;173
04/03/2011;174.5
07/03/2011;171.6
08/03/2011;171.5
09/03/2011;168.8
10/03/2011;167.8
11/03/2011;164
14/03/2011;163.1
15/03/2011;163.6
16/03/2011;167.7
17/03/2011;169
18/03/2011;168.9
21/03/2011;169.3
22/03/2011;170
23/03/2011;170
24/03/2011;169.4
25/03/2011;169.4
28/03/2011;169.3
29/03/2011;169.3
30/03/2011;169.5
31/03/2011;174
01/04/2011;171.9
04/04/2011;173.8
05/04/2011;173.2
06/04/2011;175
07/04/2011;179.3
08/04/2011;181
11/04/2011;181.1
12/04/2011;178.9
13/04/2011;178.8
14/04/2011;179
15/04/2011;179.1
18/04/2011;179.2
19/04/2011;179.4
20/04/2011;179.4
21/04/2011;179.4
25/04/2011;179.5
26/04/2011;179.5
27/04/2011;179.1
28/04/2011;179.1
02/05/2011;171
03/05/2011;175.8
04/05/2011;175
05/05/2011;172.5
06/05/2011;169.3
09/05/2011;168
10/05/2011;172.5
11/05/2011;170.1
12/05/2011;168.8
13/05/2011;169.6
16/05/2011;168.5
17/05/2011;167.8
18/05/2011;167.5
19/05/2011;164.6
20/05/2011;164.1
23/05/2011;163.5
24/05/2011;165.4
25/05/2011;166.5
26/05/2011;165
27/05/2011;165.7
31/05/2011;168.6
01/06/2011;168.2
02/06/2011;166.9
03/06/2011;168.3
06/06/2011;171.3
07/06/2011;172.8
08/06/2011;172.4
09/06/2011;172.8
10/06/2011;172.3
13/06/2011;170.2
14/06/2011;170.3
15/06/2011;171
16/06/2011;169
17/06/2011;166.6
20/06/2011;164.3
21/06/2011;164.2
22/06/2011;165
23/06/2011;166
24/06/2011;165
27/06/2011;164.1
28/06/2011;164.3
29/06/2011;164.9
30/06/2011;164
01/07/2011;163.9
05/07/2011;170.2
06/07/2011;170.2
07/07/2011;169.7
08/07/2011;168.8
11/07/2011;169.6
12/07/2011;171.5
13/07/2011;172.4
14/07/2011;172.2
15/07/2011;171.6
18/07/2011;172
19/07/2011;172.3
20/07/2011;172.4
21/07/2011;172.5
22/07/2011;172.6
25/07/2011;172.7
26/07/2011;172.8
27/07/2011;173
28/07/2011;173.1
01/08/2011;173.1
02/08/2011;173.3
03/08/2011;177.9
04/08/2011;177.8
05/08/2011;175.3
08/08/2011;175.2
09/08/2011;174.8
10/08/2011;176.1
11/08/2011;175.6
12/08/2011;175.8
15/08/2011;176.2
16/08/2011;176.7
17/08/2011;176.9
18/08/2011;177
19/08/2011;177
22/08/2011;177
23/08/2011;177.1
24/08/2011;177.2
25/08/2011;177.2
26/08/2011;177.3
29/08/2011;177.3
30/08/2011;177.3
31/08/2011;177.4
01/09/2011;178.5
02/09/2011;179.1
06/09/2011;178.6
07/09/2011;179.4
08/09/2011;179.5
09/09/2011;178.1
12/09/2011;178.2
13/09/2011;179
14/09/2011;178.8
15/09/2011;178.9
16/09/2011;178.8
19/09/2011;178.5
20/09/2011;178.7
21/09/2011;178.5
22/09/2011;178.5
23/09/2011;178.3
26/09/2011;178.1
27/09/2011;177.9
28/09/2011;177.8
29/09/2011;177.5
03/10/2011;158.6
04/10/2011;163.3
05/10/2011;164.5
06/10/2011;165.5
07/10/2011;167.1
10/10/2011;165.9
11/10/2011;164.3
12/10/2011;163.2
13/10/2011;162.4
14/10/2011;162.6
17/10/2011;161.2
18/10/2011;159.7
19/10/2011;159.2
20/10/2011;158.6
21/10/2011;158
24/10/2011;157.5
25/10/2011;156.1
26/10/2011;154.8
27/10/2011;153.2
28/10/2011;152
31/10/2011;150.4
01/11/2011;125.6
02/11/2011;127.9
03/11/2011;127.7
04/11/2011;129.4
07/11/2011;129.2
08/11/2011;130.5
09/11/2011;133.2
10/11/2011;131.3
11/11/2011;131.3
14/11/2011;131.5
15/11/2011;133.4
16/11/2011;134.1
17/11/2011;134.8
18/11/2011;135.2
21/11/2011;135.3
22/11/2011;135.7
23/11/2011;135.8
25/11/2011;136.3
28/11/2011;136
29/11/2011;135.8
30/11/2011;135.5
01/12/2011;135.5
02/12/2011;135.6
05/12/2011;135.8
06/12/2011;136
07/12/2011;136.2
08/12/2011;136.4
09/12/2011;136.5
12/12/2011;136.6
13/12/2011;136.7
14/12/2011;136.7
15/12/2011;136.6
16/12/2011;136.5
19/12/2011;136.3
20/12/2011;136.1
21/12/2011;136.1
22/12/2011;136.1
23/12/2011;136.1
27/12/2011;136.1
28/12/2011;136.2
29/12/2011;136.3
03/01/2012;135.7
04/01/2012;135.9
05/01/2012;136.1
06/01/2012;136.3
09/01/2012;136.5
10/01/2012;136.8
11/01/2012;136.9
12/01/2012;137.4
13/01/2012;137.8
17/01/2012;138.2
18/01/2012;138.4
19/01/2012;138.6
20/01/2012;138.8
23/01/2012;139
24/01/2012;139.2
25/01/2012;139.4
26/01/2012;139.6
27/01/2012;139.8
30/01/2012;140
31/01/2012;140.4
01/02/2012;144.7
02/02/2012;144.6
03/02/2012;143.4
06/02/2012;144.6
07/02/2012;143.6
08/02/2012;142.8
09/02/2012;142.8
10/02/2012;142.8
13/02/2012;142.2
14/02/2012;141
15/02/2012;140.7
16/02/2012;140.1
17/02/2012;139.9
21/02/2012;139.9
22/02/2012;139.8
23/02/2012;140
24/02/2012;139.9
27/02/2012;140
28/02/2012;140.1
29/02/2012;140.4
01/03/2012;139.3
02/03/2012;139.5
05/03/2012;137.9
06/03/2012;138.2
07/03/2012;138.8
08/03/2012;139.8
09/03/2012;140
12/03/2012;142.5
13/03/2012;143.5
14/03/2012;143.1
15/03/2012;143.6
16/03/2012;143.6
19/03/2012;143.7
20/03/2012;143.7
21/03/2012;143.7
22/03/2012;143.8
23/03/2012;143.9
26/03/2012;144.1
27/03/2012;144.3
28/03/2012;144.5
29/03/2012;144.6
02/04/2012;145.9
03/04/2012;147.1
04/04/2012;147.3
05/04/2012;147.1
09/04/2012;147.1
10/04/2012;149.4
11/04/2012;149.1
12/04/2012;148.9
13/04/2012;148.6
16/04/2012;148.1
17/04/2012;148.4
18/04/2012;148.2
19/04/2012;148
20/04/2012;148.3
23/04/2012;148.2
24/04/2012;148.2
25/04/2012;148.1
26/04/2012;147.9
27/04/2012;147.8
30/04/2012;147.6
01/05/2012;143.2
02/05/2012;142.5
03/05/2012;142.5
04/05/2012;142.7
07/05/2012;142.7
08/05/2012;141.4
09/05/2012;141.4
10/05/2012;140.8
11/05/2012;140.2
14/05/2012;139.1
15/05/2012;138.9
16/05/2012;138.6
17/05/2012;138.4
18/05/2012;137.9
21/05/2012;138
22/05/2012;137.8
23/05/2012;137.4
24/05/2012;137.2
25/05/2012;137
29/05/2012;136.4
30/05/2012;136.4
31/05/2012;136.3
01/06/2012;132
04/06/2012;132
05/06/2012;132
06/06/2012;129.8
07/06/2012;131.8
08/06/2012;131.2
11/06/2012;131.9
12/06/2012;132.2
13/06/2012;133.3
14/06/2012;133.6
15/06/2012;133.7
18/06/2012;134.3
19/06/2012;134.4
20/06/2012;134.5
21/06/2012;134.5
22/06/2012;134.5
25/06/2012;134.6
26/06/2012;134.6
27/06/2012;134.6
28/06/2012;134.6
29/06/2012;134.6
02/07/2012;131.8
03/07/2012;134
05/07/2012;134.7
06/07/2012;134.1
09/07/2012;134.3
10/07/2012;133.4
11/07/2012;133.5
12/07/2012;133.6
13/07/2012;133.3
16/07/2012;133.1
17/07/2012;132.8
18/07/2012;132.4
19/07/2012;132
20/07/2012;131.5
23/07/2012;131
24/07/2012;130.7
25/07/2012;130.6
26/07/2012;129.6
27/07/2012;129.1
30/07/2012;128.5
31/07/2012;127.9
01/08/2012;116.3
02/08/2012;114.4
03/08/2012;114.5
06/08/2012;116
07/08/2012;117.1
08/08/2012;115.8
09/08/2012;115.7
10/08/2012;114.8
13/08/2012;114.6
14/08/2012;114
15/08/2012;114.1
16/08/2012;113.9
17/08/2012;113.2
20/08/2012;112.9
21/08/2012;112.5
22/08/2012;111.9
23/08/2012;111.1
24/08/2012;110.9
27/08/2012;111
28/08/2012;110.4
29/08/2012;109.5
30/08/2012;108.6
31/08/2012;107.8
04/09/2012;86.4
05/09/2012;85.2
06/09/2012;87.5
07/09/2012;92.8
10/09/2012;95.1
11/09/2012;96.5
12/09/2012;94
13/09/2012;93.9
14/09/2012;95.8
17/09/2012;96.9
18/09/2012;97.7
19/09/2012;98.4
20/09/2012;98.8
21/09/2012;98.2
24/09/2012;98.5
25/09/2012;98.7
26/09/2012;98.9
27/09/2012;99.2
01/10/2012;106.1
02/10/2012;106.6
03/10/2012;108.59
04/10/2012;109.82
05/10/2012;109.59
08/10/2012;110.67
09/10/2012;111.33
10/10/2012;110.6
11/10/2012;110.33
12/10/2012;110.06
15/10/2012;109.94
16/10/2012;110.44
17/10/2012;111.34
18/10/2012;111.81
19/10/2012;111.73
22/10/2012;112.17
23/10/2012;112.21
24/10/2012;112.52
25/10/2012;112.82
26/10/2012;113.16
29/10/2012;113.7
30/10/2012;113.7
31/10/2012;113.95
01/11/2012;117.45
02/11/2012;117.45
05/11/2012;117.08
06/11/2012;117.79
07/11/2012;118.34
08/11/2012;118.71
09/11/2012;119.99
12/11/2012;120.64
13/11/2012;120.18
14/11/2012;120.17
15/11/2012;120.61
16/11/2012;120.53
19/11/2012;120.28
20/11/2012;120.16
21/11/2012;120.28
23/11/2012;120.26
26/11/2012;120.26
27/11/2012;120.1
28/11/2012;119.94
29/11/2012;119.97
30/11/2012;120.35
03/12/2012;113.79
04/12/2012;114.59
05/12/2012;117.68
06/12/2012;118.49
07/12/2012;121.29
10/12/2012;121.4
11/12/2012;121.4
12/12/2012;122.31
13/12/2012;122.73
14/12/2012;124.33
17/12/2012;126
18/12/2012;126.5
19/12/2012;127.08
20/12/2012;127.58
21/12/2012;127.63
24/12/2012;129.75
26/12/2012;129.75
27/12/2012;128.82
28/12/2012;128.23
31/12/2012;128.55
02/01/2013;146.74
03/01/2013;151.24
04/01/2013;148.91
07/01/2013;150.16
08/01/2013;152.39
09/01/2013;151.99
10/01/2013;151.66
11/01/2013;151.16
14/01/2013;152.78
15/01/2013;152.19
16/01/2013;151.37
17/01/2013;151.31
18/01/2013;151.57
22/01/2013;151.35
23/01/2013;151.23
24/01/2013;151.03
25/01/2013;150.88
28/01/2013;150.8
29/01/2013;150.7
30/01/2013;150.75
31/01/2013;150.86
01/02/2013;153.64
04/02/2013;156.15
05/02/2013;154.83
06/02/2013;155.97
07/02/2013;156.65
08/02/2013;157.3
11/02/2013;156.72
12/02/2013;156.83
13/02/2013;156.62
14/02/2013;156.37
15/02/2013;155.28
19/02/2013;155.43
20/02/2013;155.39
21/02/2013;155.52
22/02/2013;155.3
25/02/2013;155.21
26/02/2013;155.01
27/02/2013;154.82
28/02/2013;154.64
01/03/2013;146.85
04/03/2013;142.96
05/03/2013;143.74
06/03/2013;146
07/03/2013;145.56
08/03/2013;145.26
11/03/2013;143.91
12/03/2013;142.61
13/03/2013;142.12
14/03/2013;140.84
15/03/2013;142.28
18/03/2013;141.17
19/03/2013;140.92
20/03/2013;140.71
21/03/2013;140.8
22/03/2013;140.9
25/03/2013;140.7
26/03/2013;140.5
27/03/2013;140.04
28/03/2013;139.87
01/04/2013;136.7
02/04/2013;136.59
03/04/2013;136.8
04/04/2013;137.2
05/04/2013;136.54
08/04/2013;137.52
09/04/2013;138.23
10/04/2013;138.68
11/04/2013;139
12/04/2013;138.96
15/04/2013;138.48
16/04/2013;138.36
17/04/2013;138.07
18/04/2013;138.25
19/04/2013;138.28
22/04/2013;138.15
23/04/2013;138.15
24/04/2013;138.01
25/04/2013;137.89
26/04/2013;137.89
29/04/2013;137.8
30/04/2013;137.44
01/05/2013;129
02/05/2013;126.15
03/05/2013;127.46
06/05/2013;127.5
07/05/2013;130.59
08/05/2013;130.97
09/05/2013;130.18
13/05/2013;129.38
14/05/2013;128.6
15/05/2013;127.93
16/05/2013;127.8
17/05/2013;127.47
20/05/2013;127.3
21/05/2013;127.34
22/05/2013;127.08
23/05/2013;126.71
24/05/2013;126.73
28/05/2013;126.5
29/05/2013;125.31
30/05/2013;124.66
03/06/2013;117.25
04/06/2013;118.33
05/06/2013;114.5
06/06/2013;111.25
07/06/2013;111.83
10/06/2013;112.25
11/06/2013;112.58
12/06/2013;112.54
13/06/2013;112.33
14/06/2013;114.67
17/06/2013;115.67
18/06/2013;116.08
19/06/2013;116.58
20/06/2013;115.17
21/06/2013;115.17
24/06/2013;115
25/06/2013;114.83
26/06/2013;114.67
27/06/2013;114.75
01/07/2013;116.75
02/07/2013;119.33
03/07/2013;120.17
05/07/2013;120.92
08/07/2013;120.24
09/07/2013;120.82
10/07/2013;121.26
11/07/2013;121.75
12/07/2013;122.31
15/07/2013;122.77
16/07/2013;123.34
17/07/2013;123.93
18/07/2013;124.54
19/07/2013;127.47
22/07/2013;127.4
23/07/2013;127.52
24/07/2013;127.58
25/07/2013;127.58
26/07/2013;127.67
29/07/2013;127.55
30/07/2013;127.47
31/07/2013;127.43
01/08/2013;127.12
02/08/2013;128.78
05/08/2013;129.57
06/08/2013;131.9
07/08/2013;132.91
08/08/2013;133.6
09/08/2013;134.16
12/08/2013;135.91
13/08/2013;136.29
14/08/2013;135.79
15/08/2013;134.93
16/08/2013;135.85
19/08/2013;136.01
20/08/2013;136.26
21/08/2013;136.32
22/08/2013;136.43
23/08/2013;136.87
26/08/2013;136.92
27/08/2013;136.89
28/08/2013;136.94
29/08/2013;137
30/08/2013;137.05
03/09/2013;134.15
04/09/2013;135.28
05/09/2013;134.08
06/09/2013;134.03
09/09/2013;135.36
10/09/2013;134.89
11/09/2013;135.25
12/09/2013;135.28
13/09/2013;135.08
16/09/2013;134.79
17/09/2013;134.67
18/09/2013;134.73
19/09/2013;134.67
20/09/2013;134.64
23/09/2013;134.55
24/09/2013;134.48
25/09/2013;134.45
26/09/2013;134.45
27/09/2013;134.33
30/09/2013;134.19
01/10/2013;127.43
02/10/2013;129.32
03/10/2013;129.53
04/10/2013;129.73
07/10/2013;129.91
08/10/2013;130.19
09/10/2013;130.76
10/10/2013;131.4
11/10/2013;131.94
14/10/2013;132.29
15/10/2013;132.55
16/10/2013;132.34
17/10/2013;132.59
18/10/2013;132.65
21/10/2013;132.69
22/10/2013;132.67
23/10/2013;132.6
24/10/2013;132.68
25/10/2013;132.76
28/10/2013;132.73
29/10/2013;132.61
30/10/2013;132.59
31/10/2013;132.57
01/11/2013;133.82
04/11/2013;134.22
05/11/2013;135
06/11/2013;135.39
07/11/2013;135.23
08/11/2013;135.25
11/11/2013;135.12
12/11/2013;135.81
13/11/2013;135.65
14/11/2013;135.72
15/11/2013;135.71
18/11/2013;135.82
19/11/2013;135.95
20/11/2013;136.1
21/11/2013;136.23
22/11/2013;136.33
25/11/2013;136.37
26/11/2013;136.36
27/11/2013;136.32
02/12/2013;136.16
03/12/2013;137.39
04/12/2013;138.52
05/12/2013;138.05
06/12/2013;138.1
09/12/2013;138.7
10/12/2013;138.41
11/12/2013;138.04
12/12/2013;137.52
13/12/2013;137.4
16/12/2013;137.48
17/12/2013;137.05
18/12/2013;136.97
19/12/2013;136.76
20/12/2013;136.61
23/12/2013;136.28
24/12/2013;136.27
26/12/2013;136.13
27/12/2013;135.93
30/12/2013;135.88
31/12/2013;135.79
02/01/2014;133.33
03/01/2014;132.71
06/01/2014;132.18
07/01/2014;132.02
08/01/2014;131.93
09/01/2014;130.91
10/01/2014;130.82
13/01/2014;130.63
14/01/2014;131.01
15/01/2014;130.89
16/01/2014;130.38
17/01/2014;129.73
21/01/2014;129.18
22/01/2014;129.23
23/01/2014;129.16
24/01/2014;128.98
27/01/2014;128.81
28/01/2014;128.55
29/01/2014;128.46
30/01/2014;128.12
31/01/2014;122.63
03/02/2014;122.51
04/02/2014;122.29
05/02/2014;121.87
06/02/2014;122.03
07/02/2014;121.04
10/02/2014;120.87
11/02/2014;120.68
12/02/2014;121.17
13/02/2014;122.04
14/02/2014;122.39
18/02/2014;122.33
19/02/2014;122.39
20/02/2014;122.17
21/02/2014;122.27
24/02/2014;121.82
25/02/2014;121.71
26/02/2014;121.6
27/02/2014;121.54
28/02/2014;121.37
03/03/2014;115
04/03/2014;114.84
05/03/2014;115.65
06/03/2014;115.52
07/03/2014;113.76
10/03/2014;109.2
11/03/2014;110.6
12/03/2014;110.87
13/03/2014;112.66
14/03/2014;111.43
17/03/2014;111.13
18/03/2014;111.57
19/03/2014;111.56
20/03/2014;111.56
21/03/2014;111.43
24/03/2014;111.43
25/03/2014;111.55
26/03/2014;111.61
27/03/2014;111.54
28/03/2014;111.58
31/03/2014;111.83
01/04/2014;116.67
02/04/2014;114.69
03/04/2014;115.48
04/04/2014;116.07
07/04/2014;118.16
08/04/2014;118.7
09/04/2014;118.36
10/04/2014;117.3
11/04/2014;117.09
14/04/2014;116.95
15/04/2014;116.75
16/04/2014;116.77
17/04/2014;116.79
21/04/2014;116.27
22/04/2014;116
23/04/2014;115.91
24/04/2014;115.92
25/04/2014;115.72
28/04/2014;115.38
29/04/2014;115.03
30/04/2014;114.58
01/05/2014;105.75
02/05/2014;106.56
05/05/2014;106.67
06/05/2014;106.5
07/05/2014;104.94
08/05/2014;104
09/05/2014;103.78
12/05/2014;104.77
13/05/2014;104.22
14/05/2014;104.45
15/05/2014;103.91
16/05/2014;102.8
19/05/2014;102.35
20/05/2014;101.97
21/05/2014;102.31
22/05/2014;102.24
23/05/2014;101.8
27/05/2014;101.5
28/05/2014;101.15
29/05/2014;100.89
02/06/2014;93.91
03/06/2014;93.84
04/06/2014;95.51
05/06/2014;94.22
06/06/2014;94.86
09/06/2014;94.01
10/06/2014;93.34
11/06/2014;93.26
12/06/2014;92.38
13/06/2014;92.26
16/06/2014;91.63
17/06/2014;91.79
18/06/2014;91.8
19/06/2014;92.01
20/06/2014;92.19
23/06/2014;92.34
24/06/2014;92.41
25/06/2014;92.5
26/06/2014;92.61
27/06/2014;92.7
30/06/2014;92.74
01/07/2014;95.12
02/07/2014;96.36
03/07/2014;96.39
07/07/2014;95.32
08/07/2014;96.27
09/07/2014;95.84
10/07/2014;96.26
11/07/2014;96.46
14/07/2014;97.01
15/07/2014;96.92
16/07/2014;96.88
17/07/2014;96.61
18/07/2014;96.23
21/07/2014;96.2
22/07/2014;96.21
23/07/2014;96.07
24/07/2014;95.99
25/07/2014;96.02
28/07/2014;96.07
29/07/2014;96.04
30/07/2014;96.06
31/07/2014;96.05
01/08/2014;94.69
04/08/2014;96.01
05/08/2014;95.98
06/08/2014;95.7
07/08/2014;95.4
08/08/2014;95.35
11/08/2014;95.11
12/08/2014;94.65
13/08/2014;94.46
14/08/2014;94.25
15/08/2014;94.56
18/08/2014;94.03
19/08/2014;94.05
20/08/2014;93.94
21/08/2014;93.86
22/08/2014;93.7
25/08/2014;93.43
26/08/2014;93.32
27/08/2014;93.1
28/08/2014;92.84
02/09/2014;86.7
03/09/2014;85.27
04/09/2014;84.71
05/09/2014;83.84
08/09/2014;84.66
09/09/2014;83.7
10/09/2014;83.56
11/09/2014;83.42
12/09/2014;84.06
15/09/2014;84.71
16/09/2014;84.17
17/09/2014;84.1
18/09/2014;83.81
19/09/2014;83.51
22/09/2014;83.08
23/09/2014;83.08
24/09/2014;82.94
25/09/2014;82.7
26/09/2014;82.49
29/09/2014;82.27
30/09/2014;82.27
01/10/2014;78.85
02/10/2014;79.19
03/10/2014;79.17
06/10/2014;79.17
07/10/2014;79.44
08/10/2014;78.33
09/10/2014;78.67
10/10/2014;80.12
13/10/2014;81.67
14/10/2014;81.61
15/10/2014;80.8
16/10/2014;80.42
17/10/2014;80.43
20/10/2014;80.58
21/10/2014;80.52
22/10/2014;80.52
23/10/2014;80.41
24/10/2014;80.45
27/10/2014;80.35
28/10/2014;80.27
29/10/2014;80.24
30/10/2014;80.16
31/10/2014;80.08
03/11/2014;78.07
04/11/2014;77.42
05/11/2014;76.22
06/11/2014;75.77
07/11/2014;76.35
10/11/2014;76.05
11/11/2014;75.91
12/11/2014;75.95
13/11/2014;75.93
14/11/2014;75.67
17/11/2014;75.55
18/11/2014;74.91
19/11/2014;74.6
20/11/2014;74.27
21/11/2014;74.1
24/11/2014;74.02
25/11/2014;73.69
26/11/2014;73.44
28/11/2014;73.13
01/12/2014;69.75
02/12/2014;69.86
03/12/2014;69.85
04/12/2014;70.83
05/12/2014;71.06
08/12/2014;70.34
09/12/2014;69.9
10/12/2014;69.8
11/12/2014;69.66
12/12/2014;69.67
15/12/2014;69.37
16/12/2014;69.02
17/12/2014;69.05
18/12/2014;69.15
19/12/2014;69.41
22/12/2014;69.05
23/12/2014;68.87
24/12/2014;68.77
26/12/2014;68.7
29/12/2014;68.71
30/12/2014;68.81
31/12/2014;68.92
02/01/2015;70.06
05/01/2015;69.98
06/01/2015;71.57
07/01/2015;71.24
08/01/2015;70.95
09/01/2015;70.66
12/01/2015;69.58
13/01/2015;69.25
14/01/2015;69
15/01/2015;69.27
16/01/2015;69.13
20/01/2015;68.91
21/01/2015;68.7
22/01/2015;68.64
23/01/2015;68.46
26/01/2015;68.18
27/01/2015;67.99
28/01/2015;67.75
29/01/2015;67.49
30/01/2015;67.2
02/02/2015;61.97
03/02/2015;62.87
04/02/2015;62.89
05/02/2015;61.89
06/02/2015;62.23
09/02/2015;61.76
10/02/2015;62.02
11/02/2015;62.27
12/02/2015;62.27
13/02/2015;62.42
17/02/2015;62.6
18/02/2015;62.62
19/02/2015;62.59
20/02/2015;62.43
23/02/2015;62.57
24/02/2015;62.63
25/02/2015;62.59
26/02/2015;62.57
27/02/2015;62.61
02/03/2015;62.18
03/03/2015;62.39
04/03/2015;61.23
05/03/2015;60.5
06/03/2015;59.44
09/03/2015;59.44
10/03/2015;58.9
11/03/2015;58.84
12/03/2015;59.2
13/03/2015;58.87
16/03/2015;58.95
17/03/2015;58.88
18/03/2015;58.3
19/03/2015;58.03
20/03/2015;57.84
23/03/2015;57.76
24/03/2015;57.79
25/03/2015;57.72
26/03/2015;57.57
27/03/2015;57.41
30/03/2015;57.22
31/03/2015;56.94
01/04/2015;48.6
02/04/2015;47.08
03/04/2015;47.08
06/04/2015;47.07
07/04/2015;47.81
08/04/2015;48.09
09/04/2015;47.18
10/04/2015;47.19
13/04/2015;48.51
14/04/2015;48.85
15/04/2015;48.6
16/04/2015;48.77
17/04/2015;49.59
20/04/2015;49
21/04/2015;48.9
22/04/2015;49.3
23/04/2015;49.49
24/04/2015;49.98
27/04/2015;50.48
28/04/2015;51.62
29/04/2015;51.13
30/04/2015;51.36
01/05/2015;53.88
04/05/2015;56.52
05/05/2015;57.49
06/05/2015;59.31
07/05/2015;58.35
08/05/2015;59.02
11/05/2015;59.96
12/05/2015;59.68
13/05/2015;59.21
14/05/2015;58.44
15/05/2015;59.72
18/05/2015;59.45
19/05/2015;59.94
20/05/2015;60.2
21/05/2015;59.57
22/05/2015;59.62
26/05/2015;59.66
27/05/2015;59.98
28/05/2015;60.24
29/05/2015;60.39
01/06/2015;59.5
02/06/2015;62.24
03/06/2015;62.03
04/06/2015;62.1
05/06/2015;61.99
08/06/2015;61.74
09/06/2015;62.37
10/06/2015;63.45
11/06/2015;64.22
12/06/2015;63.68
15/06/2015;63.33
16/06/2015;62.94
17/06/2015;62.35
18/06/2015;62.65
19/06/2015;62.61
22/06/2015;62.57
23/06/2015;62.76
24/06/2015;62.72
25/06/2015;62.63
26/06/2015;62.53
29/06/2015;62.47
30/06/2015;62.33
01/07/2015;55.12
02/07/2015;54.02
06/07/2015;51.21
07/07/2015;49.97
08/07/2015;47.75
09/07/2015;49.87
10/07/2015;50.5
13/07/2015;50.54
14/07/2015;50.69
15/07/2015;50.68
16/07/2015;50.61
17/07/2015;50.73
20/07/2015;51.25
21/07/2015;51.28
22/07/2015;51.09
23/07/2015;51.17
24/07/2015;51.08
27/07/2015;51.13
28/07/2015;51.22
29/07/2015;51.36
30/07/2015;51.51
03/08/2015;53.59
04/08/2015;53.83
05/08/2015;55.3
06/08/2015;54.95
07/08/2015;54.21
10/08/2015;54.17
11/08/2015;53.95
12/08/2015;54.41
13/08/2015;55.31
14/08/2015;55.52
17/08/2015;55.32
18/08/2015;55.55
19/08/2015;55.63
20/08/2015;55.65
21/08/2015;55.71
24/08/2015;55.48
25/08/2015;55.37
26/08/2015;55.28
27/08/2015;55.22
28/08/2015;55.25
31/08/2015;55.28
01/09/2015;54.95
02/09/2015;54.93
03/09/2015;55.47
04/09/2015;55.51
08/09/2015;55.45
09/09/2015;56.59
10/09/2015;57.35
11/09/2015;56.82
14/09/2015;56.43
15/09/2015;55.99
16/09/2015;56.23
17/09/2015;56.36
18/09/2015;56.42
21/09/2015;56.56
22/09/2015;56.54
23/09/2015;56.59
24/09/2015;56.59
25/09/2015;56.57
28/09/2015;56.54
29/09/2015;56.46
30/09/2015;56.35
01/10/2015;52.78
02/10/2015;52.83
05/10/2015;53.59
06/10/2015;53.69
07/10/2015;53.61
08/10/2015;53.8
09/10/2015;54.17
12/10/2015;54.43
13/10/2015;54.04
14/10/2015;54
15/10/2015;53.87
16/10/2015;53.65
19/10/2015;53.77
20/10/2015;53.89
21/10/2015;53.66
22/10/2015;53.57
23/10/2015;53.47
26/10/2015;53.4
27/10/2015;53.28
28/10/2015;53.09
29/10/2015;52.9
02/11/2015;47.31
03/11/2015;46.59
04/11/2015;47.45
05/11/2015;46.86
06/11/2015;47.08
09/11/2015;47.91
10/11/2015;47.7
11/11/2015;47.82
12/11/2015;47.74
13/11/2015;47.66
16/11/2015;47.6
17/11/2015;47.22
18/11/2015;47.08
19/11/2015;46.91
20/11/2015;46.91
23/11/2015;46.81
24/11/2015;46.66
25/11/2015;46.53
27/11/2015;46.27
30/11/2015;46.1
01/12/2015;39.75
02/12/2015;39.36
03/12/2015;39.01
04/12/2015;39.15
07/12/2015;39.4
08/12/2015;39.25
09/12/2015;39.09
10/12/2015;38.61
11/12/2015;38.65
14/12/2015;38.69
15/12/2015;38.54
16/12/2015;38.66
17/12/2015;38.79
18/12/2015;38.97
21/12/2015;38.98
22/12/2015;38.98
23/12/2015;39.02
24/12/2015;39.08
28/12/2015;39.27
29/12/2015;39.27
30/12/2015;39.41
31/12/2015;39.58
04/01/2016;41.95
05/01/2016;41.69
06/01/2016;41.12
07/01/2016;41.14
08/01/2016;41.06
11/01/2016;40.47
12/01/2016;40.33
13/01/2016;40.42
14/01/2016;40.59
15/01/2016;40.79
19/01/2016;41.32
20/01/2016;41.19
21/01/2016;41.09
22/01/2016;41.11
25/01/2016;41.11
26/01/2016;41.11
27/01/2016;41.13
28/01/2016;41.15
29/01/2016;41.17
01/02/2016;42.6
02/02/2016;43.18
03/02/2016;43.68
04/02/2016;44.04
05/02/2016;44.04
08/02/2016;44.04
09/02/2016;43.76
10/02/2016;43.32
11/02/2016;43.33
12/02/2016;43.42
16/02/2016;44.43
17/02/2016;44.54
18/02/2016;44.89
19/02/2016;45.19
22/02/2016;45.59
23/02/2016;45.78
24/02/2016;45.96
25/02/2016;46.06
26/02/2016;46.21
29/02/2016;46.33
01/03/2016;49.27
02/03/2016;50.84
03/03/2016;50.39
04/03/2016;52.11
07/03/2016;58.81
08/03/2016;56.3
09/03/2016;55.65
10/03/2016;55.84
11/03/2016;55.32
14/03/2016;55.1
15/03/2016;54.39
16/03/2016;54.92
17/03/2016;55.22
18/03/2016;55.54
21/03/2016;55.74
22/03/2016;55.77
23/03/2016;55.78
24/03/2016;55.82
28/03/2016;55.79
29/03/2016;55.75
30/03/2016;55.64
31/03/2016;55.52
01/04/2016;53.17
04/04/2016;53.92
05/04/2016;53.17
06/04/2016;52.73
07/04/2016;53.27
08/04/2016;53.45
11/04/2016;54.8
12/04/2016;56.07
13/04/2016;56.6
14/04/2016;56.17
15/04/2016;56.09
18/04/2016;56.98
19/04/2016;57.41
20/04/2016;58.03
21/04/2016;58.5
22/04/2016;58.7
25/04/2016;58.95
26/04/2016;59.1
27/04/2016;59.13
28/04/2016;59.3
29/04/2016;59.58
02/05/2016;64
03/05/2016;60.63
04/05/2016;59.32
05/05/2016;58.33
06/05/2016;58.3
09/05/2016;55.84
10/05/2016;56.23
11/05/2016;56.51
12/05/2016;55.66
13/05/2016;55.49
16/05/2016;55.59
17/05/2016;56.55
18/05/2016;56.21
19/05/2016;56.11
20/05/2016;56
23/05/2016;55.78
24/05/2016;55.65
25/05/2016;55.42
26/05/2016;55.13
27/05/2016;54.94
31/05/2016;54.49
01/06/2016;47.46
02/06/2016;47.69
03/06/2016;48.19
06/06/2016;50.17
07/06/2016;50.37
08/06/2016;50.3
09/06/2016;50.7
10/06/2016;50.86
13/06/2016;50.92
14/06/2016;50.19
15/06/2016;50.27
16/06/2016;50.38
17/06/2016;50.55
20/06/2016;50.54
21/06/2016;50.58
22/06/2016;50.83
23/06/2016;50.87
24/06/2016;50.83
27/06/2016;51.03
28/06/2016;51.12
29/06/2016;51.23
30/06/2016;51.36
01/07/2016;52.73
05/07/2016;54.16
06/07/2016;52.88
07/07/2016;53.72
08/07/2016;54.24
11/07/2016;54.53
12/07/2016;55.56
13/07/2016;56.36
14/07/2016;56.11
15/07/2016;56.34
18/07/2016;55.71
19/07/2016;55.65
20/07/2016;55.78
21/07/2016;56.13
22/07/2016;56.04
25/07/2016;56.15
26/07/2016;56.25
27/07/2016;56.34
28/07/2016;56.5
29/07/2016;56.61
01/08/2016;59.78
02/08/2016;59.88
03/08/2016;59.48
04/08/2016;59.05
05/08/2016;60.19
08/08/2016;60.99
09/08/2016;60.32
10/08/2016;60.25
11/08/2016;59.73
12/08/2016;59.83
15/08/2016;59.66
16/08/2016;60.45
17/08/2016;60.15
18/08/2016;60.38
19/08/2016;60.59
22/08/2016;60.67
23/08/2016;60.78
24/08/2016;60.78
25/08/2016;60.77
26/08/2016;60.69
29/08/2016;60.58
30/08/2016;60.5
31/08/2016;60.43
01/09/2016;57.95
02/09/2016;58.05
06/09/2016;58.35
07/09/2016;57.47
08/09/2016;57.67
09/09/2016;57.87
12/09/2016;57.49
13/09/2016;57.43
14/09/2016;57.25
15/09/2016;57.15
16/09/2016;57.03
19/09/2016;56.92
20/09/2016;57
21/09/2016;56.88
22/09/2016;56.9
23/09/2016;56.86
26/09/2016;56.85
27/09/2016;56.78
28/09/2016;56.74
29/09/2016;56.71
30/09/2016;56.63
03/10/2016;55.11
04/10/2016;55.15
05/10/2016;55.27
06/10/2016;55.18
07/10/2016;54.97
10/10/2016;55.67
11/10/2016;55.78
12/10/2016;55.84
13/10/2016;55.79
14/10/2016;56.14
17/10/2016;56.33
18/10/2016;56.38
19/10/2016;56.46
20/10/2016;56.58
21/10/2016;56.6
24/10/2016;56.74
25/10/2016;56.96
26/10/2016;57.24
27/10/2016;57.47
28/10/2016;57.72
31/10/2016;62.77
01/11/2016;63.56
02/11/2016;62.59
03/11/2016;63.79
04/11/2016;63.67
07/11/2016;65.91
08/11/2016;65.99
09/11/2016;68.34
10/11/2016;69.74
11/11/2016;73.35
14/11/2016;72.23
15/11/2016;70.04
16/11/2016;70.41
17/11/2016;70.33
18/11/2016;70.2
21/11/2016;70
22/11/2016;70.88
23/11/2016;71.22
25/11/2016;71.81
28/11/2016;72.15
29/11/2016;72.26
30/11/2016;72.25
01/12/2016;75.54
02/12/2016;74.57
05/12/2016;76.2
06/12/2016;76.72
07/12/2016;79.2
08/12/2016;79.44
09/12/2016;78.89
12/12/2016;80.25
13/12/2016;80.47
14/12/2016;79.58
15/12/2016;79.94
16/12/2016;79.89
19/12/2016;79.62
20/12/2016;79.97
21/12/2016;80
22/12/2016;79.8
23/12/2016;79.75
27/12/2016;79.72
28/12/2016;79.75
29/12/2016;79.76
30/12/2016;79.75
03/01/2017;74.37
04/01/2017;74.66
05/01/2017;76.46
06/01/2017;75.73
09/01/2017;77.09
10/01/2017;78.27
11/01/2017;78.65
12/01/2017;78.83
13/01/2017;78.69
17/01/2017;79.83
18/01/2017;79.66
19/01/2017;79.64
20/01/2017;79.51
23/01/2017;79.69
24/01/2017;80.05
25/01/2017;80.13
26/01/2017;80.22
27/01/2017;80.3
30/01/2017;80.3
31/01/2017;80.4
01/02/2017;83.12
02/02/2017;83.82
03/02/2017;80.15
06/02/2017;79.15
07/02/2017;81.02
08/02/2017;81.88
09/02/2017;81.92
10/02/2017;84.11
13/02/2017;85.93
14/02/2017;85.91
15/02/2017;85.86
16/02/2017;85.72
17/02/2017;86.4
21/02/2017;87.28
22/02/2017;87.48
23/02/2017;87.41
24/02/2017;87.57
27/02/2017;87.89
28/02/2017;88.07
01/03/2017;87.62
02/03/2017;88.56
03/03/2017;87.57
06/03/2017;86.73
07/03/2017;86.89
08/03/2017;86.55
09/03/2017;86.35
10/03/2017;86.44
13/03/2017;87.51
14/03/2017;88.04
15/03/2017;89.03
16/03/2017;89.5
17/03/2017;89.47
20/03/2017;89.42
21/03/2017;88.99
22/03/2017;88.59
23/03/2017;88.51
24/03/2017;88.35
27/03/2017;87.91
28/03/2017;87.63
29/03/2017;87.44
30/03/2017;87.19
31/03/2017;86.84
03/04/2017;78.45
04/04/2017;79.36
05/04/2017;79.44
06/04/2017;78.92
07/04/2017;76.91
10/04/2017;75.28
11/04/2017;74.89
12/04/2017;73.43
13/04/2017;73.02
17/04/2017;72.08
18/04/2017;70.74
19/04/2017;70.95
20/04/2017;70.89
21/04/2017;70.93
24/04/2017;70.67
25/04/2017;70.44
26/04/2017;70.26
27/04/2017;70.1
28/04/2017;69.97
01/05/2017;68
02/05/2017;68.72
03/05/2017;67.33
04/05/2017;63.88
05/05/2017;62.49
08/05/2017;60.72
09/05/2017;61.37
10/05/2017;62.63
11/05/2017;62.01
12/05/2017;61.45
15/05/2017;61.2
16/05/2017;61.48
17/05/2017;62.04
18/05/2017;61.51
19/05/2017;61.91
22/05/2017;61.94
23/05/2017;61.9
24/05/2017;61.5
25/05/2017;61.4
26/05/2017;61.25
30/05/2017;60.93
31/05/2017;60.71
01/06/2017;55.39
02/06/2017;56.27
05/06/2017;55.49
06/06/2017;55.67
07/06/2017;55.13
08/06/2017;54.9
09/06/2017;54.52
12/06/2017;54.77
13/06/2017;54.01
14/06/2017;54.5
15/06/2017;54.51
16/06/2017;54.7
19/06/2017;54.8
20/06/2017;54.71
21/06/2017;54.65
22/06/2017;54.66
23/06/2017;54.73
26/06/2017;54.75
27/06/2017;55.25
28/06/2017;55.7
29/06/2017;55.79
30/06/2017;56.01
03/07/2017;65
05/07/2017;63.03
06/07/2017;62.11
07/07/2017;62.85
10/07/2017;63.11
11/07/2017;64.48
12/07/2017;64.09
13/07/2017;64.16
14/07/2017;64.92
17/07/2017;65.99
18/07/2017;65.74
19/07/2017;65.99
20/07/2017;65.49
21/07/2017;65.19
24/07/2017;65.39
25/07/2017;65.59
26/07/2017;65.54
27/07/2017;65.74
28/07/2017;65.87
31/07/2017;66.22
01/08/2017;71.57
02/08/2017;72.06
03/08/2017;72.37
04/08/2017;73.48
07/08/2017;74.65
08/08/2017;75.37
09/08/2017;74.8
10/08/2017;74.88
11/08/2017;73.76
14/08/2017;73.45
15/08/2017;73.35
16/08/2017;73.36
17/08/2017;74.14
18/08/2017;74.4
21/08/2017;74.39
22/08/2017;74.89
23/08/2017;74.82
24/08/2017;74.99
25/08/2017;74.97
28/08/2017;75.03
29/08/2017;75.05
30/08/2017;75.08
31/08/2017;75.11
01/09/2017;77.77
05/09/2017;77.68
06/09/2017;76.27
07/09/2017;75.36
08/09/2017;74.71
11/09/2017;74.78
12/09/2017;75.22
13/09/2017;74.94
14/09/2017;73.7
15/09/2017;73.5
18/09/2017;73.84
19/09/2017;71.8
20/09/2017;71.96
21/09/2017;72.06
22/09/2017;71.55
25/09/2017;70.5
26/09/2017;70.94
27/09/2017;70.56
28/09/2017;70
29/09/2017;69.77
02/10/2017;62.43
03/10/2017;62.86
04/10/2017;62.95
05/10/2017;62.84
06/10/2017;63.27
09/10/2017;61.26
10/10/2017;60.18
11/10/2017;59.26
12/10/2017;59.83
13/10/2017;60.63
16/10/2017;61.16
17/10/2017;60.89
18/10/2017;61.1
19/10/2017;60.39
20/10/2017;60.69
23/10/2017;60.7
24/10/2017;60.73
25/10/2017;60.72
26/10/2017;60.67
27/10/2017;60.53
30/10/2017;60.4
31/10/2017;60.31
01/11/2017;58.62
02/11/2017;59.45
03/11/2017;59.56
06/11/2017;62.74
07/11/2017;61.59
08/11/2017;62.59
09/11/2017;61.41
10/11/2017;61.79
13/11/2017;61.99
14/11/2017;61.79
15/11/2017;61.22
16/11/2017;61.6
17/11/2017;61.49
20/11/2017;61.77
21/11/2017;62.05
22/11/2017;62.99
24/11/2017;62.55
27/11/2017;63.09
28/11/2017;63.14
29/11/2017;63.15
30/11/2017;63.36
01/12/2017;70.43
04/12/2017;71.02
05/12/2017;69.88
06/12/2017;67.46
07/12/2017;67.41
08/12/2017;68.47
11/12/2017;68.61
12/12/2017;68.97
13/12/2017;69.34
14/12/2017;68.99
15/12/2017;69.09
18/12/2017;70.47
19/12/2017;70.4
20/12/2017;70.45
21/12/2017;70.71
22/12/2017;70.87
26/12/2017;71.01
27/12/2017;71.12
28/12/2017;71.28
29/12/2017;71.28
02/01/2018;73.9
03/01/2018;73.43
04/01/2018;74.61
05/01/2018;75.39
08/01/2018;76.99
09/01/2018;77.62
10/01/2018;77.4
11/01/2018;77.72
12/01/2018;77.37
16/01/2018;76.51
17/01/2018;76.27
18/01/2018;76.18
19/01/2018;76.68
22/01/2018;76.6
23/01/2018;75.96
24/01/2018;76.21
25/01/2018;76.21
26/01/2018;76.21
29/01/2018;76.1
30/01/2018;75.99
31/01/2018;75.86
01/02/2018;71.99
02/02/2018;72.94
05/02/2018;74.34
06/02/2018;74.43
07/02/2018;75.2
08/02/2018;75.69
09/02/2018;74.89
12/02/2018;75.65
13/02/2018;76.49
14/02/2018;76.67
15/02/2018;76.76
16/02/2018;76.89
20/02/2018;76.97
21/02/2018;77.18
22/02/2018;77.06
23/02/2018;77.11
26/02/2018;77.44
27/02/2018;77.37
28/02/2018;77.46
01/03/2018;78.42
02/03/2018;76.36
05/03/2018;75.36
06/03/2018;75.54
07/03/2018;74.51
08/03/2018;73.01
09/03/2018;72.01
12/03/2018;71.41
13/03/2018;72.33
14/03/2018;72.76
15/03/2018;73.01
16/03/2018;72.66
19/03/2018;71.84
20/03/2018;71.63
21/03/2018;71.55
22/03/2018;70.96
23/03/2018;70.26
26/03/2018;70.51
27/03/2018;70.35
28/03/2018;69.86
29/03/2018;69.7
02/04/2018;66.22
03/04/2018;64.35
04/04/2018;62.94
05/04/2018;62.67
06/04/2018;63.34
09/04/2018;63.92
10/04/2018;65.29
11/04/2018;64.28
12/04/2018;64.19
13/04/2018;64.62
16/04/2018;64.11
17/04/2018;64.27
18/04/2018;64.69
19/04/2018;65.49
20/04/2018;65.05
23/04/2018;65.19
24/04/2018;65.25
25/04/2018;65.22
26/04/2018;65.29
27/04/2018;65.27
30/04/2018;65.27
01/05/2018;65.49
02/05/2018;67.44
03/05/2018;66.72
04/05/2018;66.98
07/05/2018;66.69
08/05/2018;66.99
09/05/2018;66.2
10/05/2018;66.49
11/05/2018;67.49
14/05/2018;67.59
15/05/2018;67.58
16/05/2018;67.3
17/05/2018;67.26
18/05/2018;67.03
21/05/2018;66.85
22/05/2018;66.51
23/05/2018;66.35
24/05/2018;66.36
25/05/2018;66.26
29/05/2018;66.27
30/05/2018;66.02
31/05/2018;65.95
01/06/2018;64.53
04/06/2018;64.56
05/06/2018;64.78
06/06/2018;65.17
07/06/2018;65.17
08/06/2018;64.74
11/06/2018;65.18
12/06/2018;65.4
13/06/2018;65.34
14/06/2018;65.56
15/06/2018;65.39
18/06/2018;65.3
19/06/2018;65.01
20/06/2018;65.01
21/06/2018;64.93
22/06/2018;64.89
25/06/2018;64.88
26/06/2018;64.91
27/06/2018;64.85
28/06/2018;64.81
29/06/2018;64.8
02/07/2018;64.13
03/07/2018;64.09
05/07/2018;63.06
06/07/2018;62.99
09/07/2018;63.13
10/07/2018;63.19
11/07/2018;63.18
12/07/2018;63.21
13/07/2018;63.24
16/07/2018;63.33
17/07/2018;63.1
18/07/2018;63.3
19/07/2018;63.58
20/07/2018;63.61
23/07/2018;63.73
24/07/2018;63.83
25/07/2018;63.87
26/07/2018;63.93
27/07/2018;64.08
30/07/2018;64.2
31/07/2018;64.35
01/08/2018;66.66
02/08/2018;66.86
03/08/2018;68.24
06/08/2018;69.08
07/08/2018;69.35
08/08/2018;68.81
09/08/2018;68.94
10/08/2018;68.58
13/08/2018;68.55
14/08/2018;67.96
15/08/2018;67.72
16/08/2018;67.59
17/08/2018;67.99
20/08/2018;67.95
21/08/2018;67.65
22/08/2018;67.69
23/08/2018;67.54
24/08/2018;67.48
27/08/2018;67.42
28/08/2018;67.35
29/08/2018;67.28
30/08/2018;67.21
31/08/2018;67.16
04/09/2018;66.64
05/09/2018;67.22
06/09/2018;68.13
07/09/2018;68.07
10/09/2018;68.17
11/09/2018;67.78
12/09/2018;67.98
13/09/2018;68.31
14/09/2018;68.43
17/09/2018;68.57
18/09/2018;68.59
19/09/2018;68.67
20/09/2018;68.67
21/09/2018;68.69
24/09/2018;68.68
25/09/2018;68.62
26/09/2018;68.66
27/09/2018;68.69
28/09/2018;68.73
01/10/2018;68.4
02/10/2018;68.84
03/10/2018;69.08
04/10/2018;68.51
05/10/2018;69.24
08/10/2018;69.29
09/10/2018;70.09
10/10/2018;70.39
11/10/2018;70.24
12/10/2018;70.49
15/10/2018;70.56
16/10/2018;70.58
17/10/2018;71.4
18/10/2018;71.4
19/10/2018;71.4
22/10/2018;71.71
23/10/2018;71.79
24/10/2018;72.05
25/10/2018;72.22
26/10/2018;72.41
29/10/2018;72.58
30/10/2018;72.7
31/10/2018;72.81
01/11/2018;72.99
02/11/2018;72.92
05/11/2018;73.9
06/11/2018;74.18
07/11/2018;74.18
08/11/2018;75.01
09/11/2018;75.58
12/11/2018;75.27
13/11/2018;74.98
14/11/2018;74.81
15/11/2018;74.95
16/11/2018;75.08
19/11/2018;75.3
20/11/2018;74.88
21/11/2018;74.86
23/11/2018;74.21
26/11/2018;73.58
27/11/2018;73.14
28/11/2018;72.92
29/11/2018;72.6
30/11/2018;72.28
03/12/2018;65.57
04/12/2018;66.83
05/12/2018;67.55
06/12/2018;66
07/12/2018;66.76
10/12/2018;66.51
11/12/2018;66.74
12/12/2018;66.82
13/12/2018;67.26
14/12/2018;67.89
17/12/2018;68.12
18/12/2018;68.49
19/12/2018;68.69
20/12/2018;69.12
21/12/2018;68.99
24/12/2018;68.79
26/12/2018;68.83
27/12/2018;69
28/12/2018;69.2
31/12/2018;69.2
02/01/2019;71.06
03/01/2019;72.23
04/01/2019;73.09
07/01/2019;74.15
08/01/2019;74.21
09/01/2019;74.06
10/01/2019;73.98
11/01/2019;74.22
14/01/2019;74.21
15/01/2019;74.31
16/01/2019;74.43
17/01/2019;74.51
18/01/2019;75.15
22/01/2019;74.55
23/01/2019;74.58
24/01/2019;74.61
25/01/2019;74.64
28/01/2019;75.3
29/01/2019;75.49
30/01/2019;75.6
31/01/2019;76.03
01/02/2019;86.93
04/02/2019;86.53
05/02/2019;88.16
06/02/2019;88.98
07/02/2019;92.29
08/02/2019;92.13
11/02/2019;90.82
12/02/2019;88.44
13/02/2019;88.02
14/02/2019;88.35
15/02/2019;88.56
19/02/2019;88.53
20/02/2019;88.46
21/02/2019;88.03
22/02/2019;88.16
25/02/2019;87.94
26/02/2019;87.7
27/02/2019;87.47
28/02/2019;87.33
01/03/2019;85.98
04/03/2019;85.42
05/03/2019;86.51
06/03/2019;85.79
07/03/2019;86.76
08/03/2019;85.15
11/03/2019;84.53
12/03/2019;85.31
13/03/2019;85.01
14/03/2019;85.98
15/03/2019;86.12
18/03/2019;86.28
19/03/2019;86.23
20/03/2019;85.41
21/03/2019;85.65
22/03/2019;85.89
25/03/2019;85.82
26/03/2019;85.8
27/03/2019;85.72
28/03/2019;85.64
29/03/2019;85.7
01/04/2019;87.52
02/04/2019;89.5
03/04/2019;92.15
04/04/2019;92.53
05/04/2019;91.81
08/04/2019;93.63
09/04/2019;92.72
10/04/2019;92.6
11/04/2019;93.6
12/04/2019;93.79
15/04/2019;93.97
16/04/2019;93.44
17/04/2019;92.96
18/04/2019;92.91
22/04/2019;93.2
23/04/2019;93.29
24/04/2019;92.95
25/04/2019;93.14
26/04/2019;93.16
29/04/2019;93.17
30/04/2019;93.24
01/05/2019;93.65
02/05/2019;93.6
03/05/2019;93.81
06/05/2019;93.51
07/05/2019;94.75
08/05/2019;94.19
09/05/2019;94.24
10/05/2019;95.08
13/05/2019;94.38
14/05/2019;93.88
15/05/2019;94.82
16/05/2019;96.13
17/05/2019;96.34
20/05/2019;96.38
21/05/2019;96.56
22/05/2019;97.04
23/05/2019;97.31
24/05/2019;98.14
28/05/2019;98.38
29/05/2019;98.59
30/05/2019;98.72
31/05/2019;98.76
03/06/2019;96.28
04/06/2019;98.39
05/06/2019;98.32
06/06/2019;97.76
07/06/2019;97.78
10/06/2019;99.26
11/06/2019;102.76
12/06/2019;102.99
13/06/2019;106.29
14/06/2019;104.33
17/06/2019;104.17
18/06/2019;105.79
19/06/2019;106.2
20/06/2019;107.21
21/06/2019;107.54
24/06/2019;108.99
25/06/2019;107.93
26/06/2019;109.19
27/06/2019;108.72
28/06/2019;109.18
01/07/2019;119.45
02/07/2019;123.19
03/07/2019;123.16
05/07/2019;117.1
08/07/2019;119.17
09/07/2019;121.35
10/07/2019;120.84
11/07/2019;120.32
12/07/2019;120.25
15/07/2019;121.18
16/07/2019;121.19
17/07/2019;121.14
18/07/2019;120.87
19/07/2019;120.99
22/07/2019;120.01
23/07/2019;120.42
24/07/2019;120.25
25/07/2019;120.09
26/07/2019;120.11
29/07/2019;120.02
30/07/2019;120.09
31/07/2019;120.02
01/08/2019;112.02
02/08/2019;106.51
05/08/2019;100.34
06/08/2019;99.51
07/08/2019;96.56
08/08/2019;97.37
09/08/2019;93.61
12/08/2019;95.01
13/08/2019;95.11
14/08/2019;95.71
15/08/2019;93.76
16/08/2019;93.61
19/08/2019;94.36
20/08/2019;94.02
21/08/2019;92.01
22/08/2019;92.73
23/08/2019;92.88
26/08/2019;92.45
27/08/2019;92.06
28/08/2019;91.63
29/08/2019;91.16
30/08/2019;90.91
03/09/2019;89.55
04/09/2019;91.57
05/09/2019;90.72
06/09/2019;89.44
09/09/2019;91.23
10/09/2019;91.37
11/09/2019;92.34
12/09/2019;94.14
13/09/2019;94.77
16/09/2019;94.37
17/09/2019;94.03
18/09/2019;93.97
19/09/2019;93.46
20/09/2019;93.38
23/09/2019;93.49
24/09/2019;93.21
25/09/2019;92.97
26/09/2019;92.95
27/09/2019;92.89
30/09/2019;92.91
01/10/2019;92.16
02/10/2019;92.26
03/10/2019;92.26
04/10/2019;92.18
07/10/2019;92.55
08/10/2019;93.53
09/10/2019;91.59
10/10/2019;93.01
11/10/2019;92.86
14/10/2019;92.23
15/10/2019;92.62
16/10/2019;91.4
17/10/2019;90.01
18/10/2019;90.76
21/10/2019;90.58
22/10/2019;90.53
23/10/2019;90.45
24/10/2019;90.11
25/10/2019;90.22
28/10/2019;90.23
29/10/2019;90.03
30/10/2019;89.8
31/10/2019;89.55
01/11/2019;83.55
04/11/2019;82.85
05/11/2019;82.85
06/11/2019;82.98
07/11/2019;82.55
08/11/2019;80.36
11/11/2019;80.3
12/11/2019;81.36
13/11/2019;81.26
14/11/2019;82.52
15/11/2019;82.8
18/11/2019;82.93
19/11/2019;83.19
20/11/2019;83.35
21/11/2019;83.55
22/11/2019;83.79
25/11/2019;84.29
26/11/2019;84.35
27/11/2019;84.42
29/11/2019;84.68
02/12/2019;88.11
03/12/2019;87.65
04/12/2019;88.27
05/12/2019;88.34
06/12/2019;88.56
09/12/2019;92.04
10/12/2019;91.36
11/12/2019;92.05
12/12/2019;92.04
13/12/2019;92.27
16/12/2019;92.1
17/12/2019;92.09
18/12/2019;91.99
19/12/2019;92
20/12/2019;91.74
23/12/2019;91.72
24/12/2019;91.7
26/12/2019;91.61
27/12/2019;91.55
30/12/2019;91.52
31/12/2019;91.53
02/01/2020;92.58
03/01/2020;93.41
06/01/2020;93.85
07/01/2020;93.73
08/01/2020;94.61
09/01/2020;93.57
10/01/2020;93.56
13/01/2020;94.03
14/01/2020;94.83
15/01/2020;94.59
16/01/2020;94.55
17/01/2020;94.81
21/01/2020;94.8
22/01/2020;94.76
23/01/2020;94.4
24/01/2020;94.35
27/01/2020;94.01
28/01/2020;93.6
29/01/2020;93.34
30/01/2020;92.9
31/01/2020;92.44
03/02/2020;78.33
04/02/2020;81.63
05/02/2020;79.87
06/02/2020;80.96
07/02/2020;81.65
10/02/2020;81.25
11/02/2020;83.36
12/02/2020;84.47
13/02/2020;85.14
14/02/2020;84.86
18/02/2020;85.43
19/02/2020;85.7
20/02/2020;86.15
21/02/2020;86.42
24/02/2020;86.56
25/02/2020;86.73
26/02/2020;86.67
27/02/2020;86.58
28/02/2020;86.46
02/03/2020;87.1
03/03/2020;87.14
04/03/2020;89.63
05/03/2020;90.12
06/03/2020;89.18
09/03/2020;88.07
10/03/2020;90.15
11/03/2020;89.59
12/03/2020;89.48
13/03/2020;90.13
16/03/2020;89.99
17/03/2020;89.95
18/03/2020;90.44
19/03/2020;89.97
20/03/2020;89.57
23/03/2020;88.55
24/03/2020;88.46
25/03/2020;88.77
26/03/2020;88.6
27/03/2020;88.49
30/03/2020;88.22
31/03/2020;88.02
01/04/2020;80.34
02/04/2020;81.73
03/04/2020;82.38
06/04/2020;82.49
07/04/2020;81.9
08/04/2020;82.87
09/04/2020;83.35
13/04/2020;83.84
14/04/2020;84.25
15/04/2020;84.22
16/04/2020;84.04
17/04/2020;84.17
20/04/2020;84.43
21/04/2020;83.92
22/04/2020;84.13
23/04/2020;84.04
24/04/2020;83.98
27/04/2020;83.96
28/04/2020;83.88
29/04/2020;83.83
30/04/2020;83.84
01/05/2020;82.5
04/05/2020;82.15
05/05/2020;83.06
06/05/2020;83.29
07/05/2020;85.93
08/05/2020;86.84
11/05/2020;86.69
12/05/2020;87.81
13/05/2020;88.35
14/05/2020;88.74
15/05/2020;89.5
18/05/2020;91.49
19/05/2020;90.65
20/05/2020;91.13
21/05/2020;91.2
22/05/2020;91.42
26/05/2020;91.64
27/05/2020;91.81
28/05/2020;92.05
29/05/2020;92.54
01/06/2020;99.16
02/06/2020;100.67
03/06/2020;100.4
04/06/2020;98.85
05/06/2020;100.26
08/06/2020;103.41
09/06/2020;102.98
10/06/2020;102.89
11/06/2020;102.75
12/06/2020;103.59
15/06/2020;103.07
16/06/2020;103.46
17/06/2020;103.18
18/06/2020;103.05
19/06/2020;103.04
22/06/2020;102.93
23/06/2020;102.85
24/06/2020;103.12
25/06/2020;103.08
26/06/2020;103.23
29/06/2020;103.06
30/06/2020;102.95
01/07/2020;98.01
02/07/2020;98.94
06/07/2020;101.54
07/07/2020;103.04
08/07/2020;105.03
09/07/2020;104.61
10/07/2020;105.59
13/07/2020;106.93
14/07/2020;107.45
15/07/2020;107.57
16/07/2020;107.2
17/07/2020;107.22
20/07/2020;107.18
21/07/2020;107.58
22/07/2020;108.04
23/07/2020;107.78
24/07/2020;107.69
27/07/2020;107.46
28/07/2020;107.72
29/07/2020;107.88
30/07/2020;108.05
31/07/2020;108.9
03/08/2020;114.21
04/08/2020;115.55
05/08/2020;116.27
06/08/2020;118.89
07/08/2020;118.07
10/08/2020;118.34
11/08/2020;119.28
12/08/2020;120.19
13/08/2020;119.86
14/08/2020;120.14
17/08/2020;120.46
18/08/2020;122.75
19/08/2020;122.47
20/08/2020;123.74
21/08/2020;122.79
24/08/2020;122.57
25/08/2020;122.34
26/08/2020;122.46
27/08/2020;122.39
28/08/2020;122.45
31/08/2020;122.53
01/09/2020;123.68
02/09/2020;126.06
03/09/2020;128.38
04/09/2020;127.53
08/09/2020;128.03
09/09/2020;126.78
10/09/2020;126.77
11/09/2020;127.43
14/09/2020;128.86
15/09/2020;128.01
16/09/2020;126.01
17/09/2020;126.59
18/09/2020;127.09
21/09/2020;126.01
22/09/2020;125.73
23/09/2020;124.79
24/09/2020;123.97
25/09/2020;123.81
28/09/2020;124.21
29/09/2020;124.02
30/09/2020;123.98
01/10/2020;121.43
02/10/2020;120.6
05/10/2020;121.03
06/10/2020;121.84
07/10/2020;121.91
08/10/2020;122.46
09/10/2020;123.49
12/10/2020;123.25
13/10/2020;122.43
14/10/2020;121.48
15/10/2020;121.13
16/10/2020;121.44
19/10/2020;121.53
20/10/2020;121.51
21/10/2020;121.56
22/10/2020;121.34
23/10/2020;121.02
26/10/2020;120.75
27/10/2020;120.63
28/10/2020;120.45
29/10/2020;120.28
30/10/2020;120.19
02/11/2020;117.69
03/11/2020;116.47
04/11/2020;116.84
05/11/2020;116.92
06/11/2020;117.63
09/11/2020;119.84
10/11/2020;120.3
11/11/2020;121.59
12/11/2020;121
13/11/2020;120.8
16/11/2020;121.22
17/11/2020;122
18/11/2020;122.29
19/11/2020;122.84
20/11/2020;123.35
23/11/2020;123.18
24/11/2020;123.4
25/11/2020;123.63
27/11/2020;124.25
30/11/2020;124.62
01/12/2020;130.81
02/12/2020;134.56
03/12/2020;135.66
04/12/2020;141.53
07/12/2020;144.34
08/12/2020;145.04
09/12/2020;146.28
10/12/2020;150.7
11/12/2020;152.02
14/12/2020;149.6
15/12/2020;150.31
16/12/2020;150.75
17/12/2020;151.37
18/12/2020;152.49
21/12/2020;155.11
22/12/2020;154.49
23/12/2020;154.5
24/12/2020;155.02
28/12/2020;155.35
29/12/2020;155.57
30/12/2020;155.7
31/12/2020;155.84
04/01/2021;163.93
05/01/2021;166.08
06/01/2021;166.76
07/01/2021;169.31
08/01/2021;169.52
11/01/2021;168.99
12/01/2021;169.33
13/01/2021;169.51
14/01/2021;169.8
15/01/2021;169.97
19/01/2021;170.03
20/01/2021;169.85
21/01/2021;169.98
22/01/2021;169.82
25/01/2021;169.78
26/01/2021;169.52
27/01/2021;169.26
28/01/2021;168.63
29/01/2021;168.13
01/02/2021;154.74
02/02/2021;148.42
03/02/2021;150.81
04/02/2021;155.33
05/02/2021;153.9
08/02/2021;156.1
09/02/2021;158.15
10/02/2021;159.74
11/02/2021;160.08
12/02/2021;159.65
16/02/2021;161
17/02/2021;161.99
18/02/2021;164.59
19/02/2021;164.07
22/02/2021;163.87
23/02/2021;164.16
24/02/2021;164.53
25/02/2021;165.02
26/02/2021;165.61
01/03/2021;171.74
02/03/2021;173.16
03/03/2021;174.12
04/03/2021;174.94
05/03/2021;173.12
08/03/2021;173.56
09/03/2021;168.43
10/03/2021;168.44
11/03/2021;171.28
12/03/2021;168.26
15/03/2021;168.26
16/03/2021;168.26
17/03/2021;168.21
18/03/2021;168.21
19/03/2021;168
22/03/2021;167.37
23/03/2021;167.01
24/03/2021;167.34
25/03/2021;167.05
26/03/2021;166.89
29/03/2021;166.97
30/03/2021;166.99
31/03/2021;166.9
01/04/2021;163.68
05/04/2021;163.89
06/04/2021;166.98
07/04/2021;169.24
08/04/2021;170.45
09/04/2021;170.32
12/04/2021;171.03
13/04/2021;171.04
14/04/2021;171.42
15/04/2021;173.01
16/04/2021;174.89
19/04/2021;174.72
20/04/2021;178.54
21/04/2021;176.2
22/04/2021;176.35
23/04/2021;176.96
26/04/2021;177.58
27/04/2021;178.99
28/04/2021;178.8
29/04/2021;179.31
30/04/2021;179.63
03/05/2021;185.04
04/05/2021;189.72
05/05/2021;190.41
06/05/2021;197.68
07/05/2021;204.35
10/05/2021;215.48
11/05/2021;215.29
12/05/2021;218.38
13/05/2021;212.05
14/05/2021;210.08
17/05/2021;214.99
18/05/2021;213.23
19/05/2021;211.96
20/05/2021;211.15
21/05/2021;209.13
24/05/2021;208.2
25/05/2021;207.01
26/05/2021;206.89
27/05/2021;206.37
28/05/2021;205.73
01/06/2021;204.9
02/06/2021;204.96
03/06/2021;208
04/06/2021;206.29
07/06/2021;202.41
08/06/2021;207.84
09/06/2021;210.19
10/06/2021;211.91
11/06/2021;213.13
14/06/2021;214.05
15/06/2021;213.96
16/06/2021;213.53
17/06/2021;214.69
18/06/2021;214.21
21/06/2021;212.75
22/06/2021;213.45
23/06/2021;213.8
24/06/2021;213.75
25/06/2021;214.17
28/06/2021;215.26
29/06/2021;214.36
30/06/2021;214.55
01/07/2021;213.59
02/07/2021;212.46
06/07/2021;217.58
07/07/2021;218.11
08/07/2021;216.32
09/07/2021;215.78
12/07/2021;217.33
13/07/2021;218.26
14/07/2021;217.94
15/07/2021;218.68
16/07/2021;219.77
19/07/2021;219.5
20/07/2021;219.36
21/07/2021;218.37
22/07/2021;213.81
23/07/2021;216.03
26/07/2021;215.16
27/07/2021;214.99
28/07/2021;214.44
29/07/2021;213.52
30/07/2021;211.99
02/08/2021;181.21
03/08/2021;181.01
04/08/2021;182.51
05/08/2021;171.91
06/08/2021;172.01
09/08/2021;173.52
10/08/2021;168.59
11/08/2021;169.06
12/08/2021;167.94
13/08/2021;167.95
16/08/2021;166.96
17/08/2021;167.34
18/08/2021;159.59
19/08/2021;160.38
20/08/2021;160.54
23/08/2021;159.4
24/08/2021;160.07
25/08/2021;159.92
26/08/2021;159.63
27/08/2021;159.68
30/08/2021;159.58
31/08/2021;159.25
01/09/2021;143.08
02/09/2021;140.54
03/09/2021;144.83
07/09/2021;138.99
08/09/2021;135.56
09/09/2021;133.82
10/09/2021;133.18
13/09/2021;129.66
14/09/2021;128.11
15/09/2021;124.16
16/09/2021;119.96
17/09/2021;123
20/09/2021;117.01
21/09/2021;119.01
22/09/2021;120.73
23/09/2021;120.45
24/09/2021;120.1
27/09/2021;120.23
28/09/2021;119.89
29/09/2021;119.7
30/09/2021;119.65
01/10/2021;115.76
04/10/2021;117.76
05/10/2021;117.85
06/10/2021;117.68
07/10/2021;118.1
08/10/2021;122.86
11/10/2021;130.24
12/10/2021;126.42
13/10/2021;122.29
14/10/2021;122.83
15/10/2021;123.19
18/10/2021;123.4
19/10/2021;123.3
20/10/2021;123.49
21/10/2021;122.89
22/10/2021;122.5
25/10/2021;122.06
26/10/2021;122.47
27/10/2021;122.36
28/10/2021;121.94
29/10/2021;121.23
01/11/2021;102.58
02/11/2021;99.4
03/11/2021;99.35
04/11/2021;97.17
05/11/2021;94.43
08/11/2021;94.36
09/11/2021;91.98
10/11/2021;92.19
11/11/2021;93.63
12/11/2021;93.4
15/11/2021;92.36
16/11/2021;92.01
17/11/2021;92.76
18/11/2021;92.01
19/11/2021;92.78
22/11/2021;93.39
23/11/2021;93.99
24/11/2021;94.33
26/11/2021;94.44
29/11/2021;94.71
30/11/2021;94.97
01/12/2021;103.17
02/12/2021;101.82
03/12/2021;101.49
06/12/2021;103.74
07/12/2021;108.04
08/12/2021;106.77
09/12/2021;106.49
10/12/2021;105
13/12/2021;108.51
14/12/2021;107.04
15/12/2021;109.22
16/12/2021;111.19
17/12/2021;111.64
20/12/2021;113.79
21/12/2021;113.64
22/12/2021;112.54
23/12/2021;112.54
27/12/2021;112.99
28/12/2021;112.29
29/12/2021;112.34
30/12/2021;112.24
31/12/2021;112.5
03/01/2022;120.4
04/01/2022;120.91
05/01/2022;124.14
06/01/2022;125.94
07/01/2022;126.21
10/01/2022;124.48
11/01/2022;126.75
12/01/2022;128.66
13/01/2022;127.84
14/01/2022;126.24
18/01/2022;127.48
19/01/2022;127.41
20/01/2022;129.09
21/01/2022;129.49
24/01/2022;128.74
25/01/2022;129.94
26/01/2022;129.4
27/01/2022;129.96
28/01/2022;130.81
31/01/2022;131.15
01/02/2022;138.79
02/02/2022;139.98
03/02/2022;145.95
04/02/2022;145.45
07/02/2022;150.11
08/02/2022;148.83
09/02/2022;147.64
10/02/2022;151.57
11/02/2022;150.87
14/02/2022;146.76
15/02/2022;144.89
16/02/2022;142.23
17/02/2022;143.88
18/02/2022;141.11
22/02/2022;143.26
23/02/2022;142.96
24/02/2022;142.66
25/02/2022;141.76
28/02/2022;141.99
01/03/2022;143.45
02/03/2022;146.07
03/03/2022;151.11
04/03/2022;152.28
07/03/2022;158.82
08/03/2022;160.96
09/03/2022;157.59
10/03/2022;156.95
11/03/2022;155.36
14/03/2022;150.11
15/03/2022;144.77
16/03/2022;148.85
17/03/2022;149.65
18/03/2022;150.59
21/03/2022;150.47
22/03/2022;149.68
23/03/2022;149.57
24/03/2022;149.63
25/03/2022;149.87
28/03/2022;150.14
29/03/2022;150.14
30/03/2022;150.61
31/03/2022;150.84
01/04/2022;159.85
